{"count":1,"gauges":{},"self":23.205303999999998,"total":25.6454259,"children":{"AgentResetIfDone":{"count":1252,"self":0.0259771,"total":0.0259771,"children":null},"AgentSendState":{"count":1252,"self":0.055962599999999994,"total":0.074962,"children":{"CollectObservations":{"count":2504,"self":0.0189994,"total":0.0189994,"children":null}}},"DecideAction":{"count":1252,"self":2.0252163999999997,"total":2.2292411,"children":{"RayPerceptionSensor.Perceive":{"count":2504,"self":0.20402479999999998,"total":0.20402479999999998,"children":null}}},"AcademyStep":{"count":1252,"self":0.0049936999999999994,"total":0.0049936999999999994,"children":null},"AgentAct":{"count":1252,"self":0.1029488,"total":0.1029488,"children":null}}}